id,first_name,last_name,gender,phone_number,join_date
1,Eziechiele,Juppe,FEMALE,+63 (719) 870-7062,2016-05-24
2,Dinah,Bartosik,FEMALE,+62 (430) 550-9261,2014-08-30
3,Pearce,Greenroyd,FEMALE,+54 (363) 230-9240,2021-03-17
4,Zechariah,Seymark,MALE,+48 (308) 222-1901,2019-07-25
5,Penelopa,Morrel,FEMALE,+7 (201) 739-3453,2011-09-20
6,Booth,Playdon,FEMALE,+55 (596) 132-1383,2013-02-20
7,Yevette,Lehr,FEMALE,+387 (697) 311-6177,2010-12-26
8,Delainey,McLelland,MALE,+86 (731) 427-2575,2017-07-23
9,Thorndike,MacLese,MALE,+380 (938) 979-6626,2016-05-19
10,Cleopatra,Karel,MALE,+86 (788) 601-2720,2013-03-11
11,George,Fearnall,MALE,+54 (898) 981-4951,2015-03-16
12,Jarrett,Hinze,MALE,+389 (978) 541-4777,2012-05-26
13,Stevy,Leap,MALE,+359 (376) 250-7736,2013-02-18
14,Derwin,Wilhelmy,FEMALE,+263 (213) 660-9825,2018-12-31
15,Harris,Canellas,MALE,+92 (493) 104-4511,2013-02-04
16,Dynah,Lilbourne,FEMALE,+351 (501) 370-3828,2019-10-25
17,Ritchie,Burdas,MALE,+30 (990) 291-6068,2021-06-09
18,Braden,Conroy,FEMALE,+60 (125) 813-3749,2013-10-24
19,Zechariah,Mangham,MALE,+33 (739) 221-2061,2012-09-04
20,Julissa,Cutforth,MALE,+33 (399) 236-8088,2023-06-02
21,Frances,Gover,MALE,+86 (942) 475-3592,2012-08-08
22,Dominik,Rosewall,FEMALE,+48 (594) 644-5701,2018-11-13
23,Fleur,Slesser,MALE,+86 (250) 833-2654,2013-09-05
24,Winnie,Enevoldsen,MALE,+7 (783) 612-4480,2011-09-07
25,Marcelle,Springett,FEMALE,+86 (264) 894-8431,2019-05-29
26,Mickie,Lindeboom,FEMALE,+86 (516) 317-0901,2023-12-15
27,Pip,Pedri,MALE,+86 (239) 825-4585,2018-03-27
28,Barbaraanne,Bottomer,FEMALE,+86 (323) 943-7459,2022-09-07
29,Veronika,Averall,FEMALE,+1 (719) 332-3885,2019-08-15
30,Seka,Tatersale,FEMALE,+55 (975) 284-8116,2024-08-19
