id,username,email,avatar,ip_address,creation_time
1,sneljes0,fspurway0@csmonitor.com,https://robohash.org/illoetearum.png?size=50x50&set=set1,183.1.227.113,2024-02-21T11:38:46Z
2,dstonham1,aspreckley1@apache.org,https://robohash.org/temporaexcepturimaiores.png?size=50x50&set=set1,83.72.112.2,2024-01-31T23:48:26Z
3,bborsi2,fbrion2@nasa.gov,https://robohash.org/exercitationemetvoluptatem.png?size=50x50&set=set1,8.130.51.246,2024-02-18T18:33:52Z
4,dfotitt3,bkulvear3@istockphoto.com,https://robohash.org/quaesitblanditiis.png?size=50x50&set=set1,126.17.48.26,2024-09-24T03:57:10Z
5,alerway4,ktwelftree4@homestead.com,https://robohash.org/vitaeatquesed.png?size=50x50&set=set1,47.156.120.201,2024-06-13T18:09:08Z
6,blongridge5,nformilli5@imgur.com,https://robohash.org/temporacumodio.png?size=50x50&set=set1,14.18.189.122,2024-02-24T04:32:46Z
7,wsvanini6,daspenlon6@cbsnews.com,https://robohash.org/erroraccusantiumdelectus.png?size=50x50&set=set1,98.240.176.172,2024-11-10T22:06:38Z
8,oeriksson7,kbernaldez7@webmd.com,https://robohash.org/voluptatemliberoquaerat.png?size=50x50&set=set1,69.230.99.217,2024-04-09T03:06:38Z
9,toverland8,vpol8@abc.net.au,https://robohash.org/doloresnumquamvelit.png?size=50x50&set=set1,145.224.15.59,2024-11-03T06:29:12Z
10,tizat9,smclachlan9@rediff.com,https://robohash.org/quisutex.png?size=50x50&set=set1,160.213.134.113,2024-11-19T11:46:50Z
11,zweeda,mlevertona@springer.com,https://robohash.org/errorlaborealiquid.png?size=50x50&set=set1,30.245.152.150,2024-10-05T20:07:08Z
12,nleveb,ssapirb@youtu.be,https://robohash.org/esseestaut.png?size=50x50&set=set1,208.71.63.66,2024-02-09T21:35:47Z
13,atrebblec,raberhartc@amazonaws.com,https://robohash.org/dolorequasilaudantium.png?size=50x50&set=set1,158.24.50.41,2024-09-24T03:09:11Z
14,mgerokd,ktolputtd@cdc.gov,https://robohash.org/teneturetsunt.png?size=50x50&set=set1,21.205.37.63,2024-06-14T18:51:54Z
15,emintofte,mdrewrye@stumbleupon.com,https://robohash.org/quasmollitiaperspiciatis.png?size=50x50&set=set1,91.178.5.129,2024-11-07T17:05:31Z
16,kmccawleyf,lklemzf@barnesandnoble.com,https://robohash.org/odiotemporenobis.png?size=50x50&set=set1,135.166.95.88,2024-09-06T12:06:21Z
17,bpresnallg,slererg@about.com,https://robohash.org/quasiidpossimus.png?size=50x50&set=set1,238.157.78.53,2024-11-03T18:11:23Z
18,eixerh,vcaganh@usatoday.com,https://robohash.org/suscipitoccaecatitempore.png?size=50x50&set=set1,202.160.187.174,2024-02-23T09:36:05Z
19,lreiachi,dwithamsi@theglobeandmail.com,https://robohash.org/autemfugiatfacere.png?size=50x50&set=set1,246.55.80.58,2024-09-17T15:16:11Z
20,jwildbloodj,jjirzikj@altervista.org,https://robohash.org/maioresestquisquam.png?size=50x50&set=set1,183.106.161.48,2024-08-25T20:06:40Z
21,drandlesk,nstockenk@jugem.jp,https://robohash.org/velitesseut.png?size=50x50&set=set1,176.247.75.245,2023-12-14T02:38:07Z
22,abaumanl,sglitherowl@cloudflare.com,https://robohash.org/eautaspernatur.png?size=50x50&set=set1,49.49.125.153,2024-11-20T02:42:18Z
23,kpetrushkam,wlingardm@rakuten.co.jp,https://robohash.org/quinemonostrum.png?size=50x50&set=set1,175.220.167.64,2024-10-01T20:09:35Z
24,vbibbyn,bfranktonn@businesswire.com,https://robohash.org/necessitatibusdictafugit.png?size=50x50&set=set1,225.31.145.56,2024-11-17T23:34:51Z
25,brosthorno,smerritto@europa.eu,https://robohash.org/abautqui.png?size=50x50&set=set1,99.166.123.175,2024-10-04T05:08:53Z
26,dwoollendsp,kconnickp@slate.com,https://robohash.org/dictavoluptasqui.png?size=50x50&set=set1,52.0.125.192,2024-07-20T14:13:29Z
27,kmeynellq,ddufrayq@ebay.co.uk,https://robohash.org/doloremveldolores.png?size=50x50&set=set1,98.128.82.179,2023-12-17T17:40:44Z
28,bdanskiner,aweirr@go.com,https://robohash.org/laborevoluptasdelectus.png?size=50x50&set=set1,222.170.84.98,2024-11-06T02:20:55Z
29,sloughneys,swythills@cocolog-nifty.com,https://robohash.org/errornecessitatibusdicta.png?size=50x50&set=set1,207.135.234.3,2023-12-22T11:51:38Z
30,hcowlint,echartet@ted.com,https://robohash.org/enimquodillo.png?size=50x50&set=set1,192.160.48.12,2024-05-25T11:53:34Z
31,bblaszczyku,asucreu@wufoo.com,https://robohash.org/aliquamvelrerum.png?size=50x50&set=set1,9.0.125.172,2024-11-03T06:35:19Z
32,pdixv,htoplingv@creativecommons.org,https://robohash.org/officiisvoluptatessoluta.png?size=50x50&set=set1,12.253.216.23,2024-10-22T06:32:38Z
33,sbartaliniw,aspeedinw@gnu.org,https://robohash.org/nullaetsimilique.png?size=50x50&set=set1,247.183.150.225,2024-09-03T18:01:21Z
34,jcranstonx,uwintersgillx@goo.ne.jp,https://robohash.org/laudantiumconsequaturperferendis.png?size=50x50&set=set1,189.169.189.249,2023-12-02T18:52:16Z
35,ejerrimy,wcelley@livejournal.com,https://robohash.org/officiadolorquo.png?size=50x50&set=set1,152.143.1.79,2024-06-16T10:53:34Z
36,ebranchflowerz,ekardosstowez@nasa.gov,https://robohash.org/omnisiurenisi.png?size=50x50&set=set1,11.237.47.30,2024-02-13T07:57:31Z
37,ablindmann10,mtapper10@stanford.edu,https://robohash.org/nisinesciuntrerum.png?size=50x50&set=set1,40.139.235.239,2024-01-16T16:01:30Z
38,lrieger11,ghaggar11@economist.com,https://robohash.org/remutqui.png?size=50x50&set=set1,198.110.57.229,2023-12-30T11:06:39Z
39,kbedell12,eharteley12@china.com.cn,https://robohash.org/laboresuntconsectetur.png?size=50x50&set=set1,11.167.67.30,2024-01-15T02:11:50Z
40,owofenden13,cklaus13@phoca.cz,https://robohash.org/itaquemolestiaeducimus.png?size=50x50&set=set1,124.118.222.112,2024-08-13T13:19:54Z
41,bcroux14,gplaskitt14@flickr.com,https://robohash.org/easitprovident.png?size=50x50&set=set1,103.126.184.119,2023-12-19T04:08:42Z
42,dvanderlinde15,abeldom15@netlog.com,https://robohash.org/ipsamdeseruntrepellat.png?size=50x50&set=set1,195.213.232.2,2024-02-14T19:26:09Z
43,astilldale16,preddlesden16@yellowbook.com,https://robohash.org/liberovoluptatemitaque.png?size=50x50&set=set1,251.117.42.197,2024-03-05T17:11:21Z
44,hmcronald17,kpates17@apple.com,https://robohash.org/rerumrationequae.png?size=50x50&set=set1,96.130.103.85,2024-08-03T20:40:54Z
45,dtrewhella18,woloughnan18@yolasite.com,https://robohash.org/voluptateestut.png?size=50x50&set=set1,58.107.201.223,2024-09-13T01:09:46Z
46,khirsch19,cveitch19@domainmarket.com,https://robohash.org/maximemagnivoluptate.png?size=50x50&set=set1,115.86.169.136,2024-09-05T14:49:44Z
47,eshillan1a,mvarns1a@guardian.co.uk,https://robohash.org/earumomnisest.png?size=50x50&set=set1,157.33.109.214,2024-11-10T03:32:15Z
48,rstocker1b,dwhitwham1b@wisc.edu,https://robohash.org/mollitiarationeaspernatur.png?size=50x50&set=set1,92.193.21.206,2024-04-20T14:23:13Z
49,pmemmory1c,btolchard1c@google.it,https://robohash.org/debitisfugaad.png?size=50x50&set=set1,63.39.208.145,2023-12-27T17:00:30Z
50,fmarunchak1d,ylifsey1d@sourceforge.net,https://robohash.org/totamvoluptatemerror.png?size=50x50&set=set1,178.59.161.192,2024-08-17T23:28:54Z
